ts_ns,symbol,side,equity,entry,exit,stop,qty,fees,slippage_bps,atr,vwap_dist,rr_plan,rr_real,capture_ratio
1.7616E+18,IWM,SHORT,138232,586.0094,588.8626,588.6665,22,109.3,5,3.5785,0.09,1.04,1.41,0.21
1.7616E+18,INTC,LONG,438048,129.1503,129.1126,128.7733,242,73.84,17,0.5182,0.49,1.19,0,0.24
1.7616E+18,NIO,LONG,173038,191.4762,,191.3771,206,49.43,9,0.075,0.53,3.28,3.32,
1.7616E+18,GM,SHORT,475761,770.8607,758.1279,778.8049,61,112.13,10,4.4241,-0.09,1.89,1.8,0.09
1.7616E+18,TLT,SHORT,416203,207.9687,204.0513,210.2586,445,5.82,0,1.1901,-0.15,2.06,1.84,0.36
1.7616E+18,AAPL,SHORT,178383,530.9977,527.6278,532.7458,49,25.23,0,2.04,0.52,1.54,2.39,0.29
1.7616E+18,SBUX,SHORT,303719,783.0119,,784.9337,59,67.91,12,2.9154,0.21,2.49,0.84,0.5
1.7616E+18,AMZN,SHORT,335996,302.5659,,304.2784,185,73.87,4,0.7193,-0.46,2.49,1.4,0.27
1.7616E+18,UBER,LONG,268722,18.9252,18.95,18.7987,2015,4.75,19,0.1239,-0.55,1.93,0.24,0.76
1.7616E+18,ABNB,SHORT,142079,199.0971,,202.0691,53,48.36,0,1.3468,0.08,1.83,0.81,0.38
1.7616E+18,PG,LONG,212053,665.5474,657.7459,660.7425,40,77.9,19,2.1576,0.52,3.21,1.61,0.22
1.7616E+18,MSFT,SHORT,86242,692.364,691.2733,697.9147,26,83.77,2,,0.41,1.96,0,0.69
1.7616E+18,SLV,SHORT,188589,615.9729,,618.4875,66,76.58,17,3.0019,0.21,2.23,0.79,0.66
1.7616E+18,ROKU,SHORT,39257,94.9223,,96.8638,50,38.47,8,0.9057,-0.43,1.71,0.56,0.28
1.7616E+18,GLD,LONG,490488,637.4307,624.272,629.517,126,11.22,13,3.8821,-0.29,2.97,1.41,0.85
1.7616E+18,SAP,LONG,445423,735.3488,,731.472,59,51.25,16,2.2893,0.45,1.99,1.76,0.53
1.7616E+18,ABNB,SHORT,154353,482.4846,487.9744,485.6621,32,15.45,13,2.7056,-0.38,2.28,1.89,0.7
1.7616E+18,ORCL,LONG,333390,752.9959,756.2271,751.2619,24,113.71,3,1.6917,,1.63,2.1,0.38
1.7616E+18,UNH,SHORT,273579,662.3369,670.0017,665.5075,113,57.02,4,4.2628,-0.44,3.47,2.4,0.57
1.7616E+18,TTD,SHORT,239947,535.2424,520.6967,542.0345,45,38.07,20,4.4699,0.21,1.73,1.79,0.24
1.7616E+18,DKNG,LONG,241758,463.8623,,457.3845,55,91.96,16,3.8777,0.53,2.93,2.81,0.09
1.7616E+18,DKNG,SHORT,101357,282.1161,283.9672,284.3404,43,59.75,1,1.8252,-0.28,2.07,1.4,0.35
1.7616E+18,DIS,LONG,167732,131.6335,130.6337,130.9015,104,37.2,4,0.5046,-0.03,1.52,1.16,0.31
1.7616E+18,XOM,SHORT,408300,485.9384,488.9486,487.3684,176,97.44,3,1.1654,0.16,3,1.79,0.17
1.7616E+18,MU,SHORT,485413,257.8987,258.9022,258.9096,129,104.06,3,0.5673,0.6,1.83,1.13,0.82
1.7616E+18,ORCL,LONG,416723,693.8187,694.1269,693.7036,50,80.76,5,0.05,-0.47,3.16,2.78,0.16
1.7616E+18,BYND,LONG,213667,794.7029,805.0187,790.5005,56,5.64,19,5.0763,0,3.29,2.2,0.25
1.7616E+18,UBI.PA,SHORT,93807,,,606.8319,,,20,2.8918,,3.15,1.9,0.81
1.7616E+18,DKNG,LONG,448755,76.9329,77.5738,76.5228,1324,91.6,12,0.5246,0.44,1.09,1.41,0.83
1.7616E+18,QCOM,SHORT,388097,234.505,232.135,237.7288,313,16.38,4,1.8423,-0.03,2.97,0.97,0.51
1.7616E+18,HD,LONG,148563,91.7422,93.5684,90.8084,184,27.44,6,0.477,-0.47,2.03,1.86,0.49
1.7616E+18,MU,LONG,268778,522.1568,,515.6251,109,105.9,19,2.7632,0.16,3.18,0.4,0.21
1.7616E+18,LRCX,LONG,191264,613.3267,619.6901,610.6854,24,2.41,0,2.4971,0.32,2.59,2.53,0.1
1.7616E+18,ZM,LONG,483611,740.9115,,733.2501,120,90.33,,3.1917,-0.6,3.08,1.16,0.29
1.7616E+18,ADBE,LONG,395941,353.347,,351.9176,178,56.85,3,2.2815,0.43,2.25,1.54,0.39
1.7616E+18,ORCL,SHORT,336032,721.5936,728.2772,727.3195,54,53.61,16,3.3563,-0.38,2.34,0.57,0.69
1.7616E+18,IWM,LONG,83609,702.9235,707.108,701.0401,23,0.85,20,3.0661,0.06,1.36,1.88,0.32
1.7616E+18,TSM,LONG,281221,257.1706,254.7291,254.2508,292,98.33,13,1.2764,-0.1,2.96,0.94,0.18
1.7616E+18,MSFT,LONG,258512,695.776,,688.4266,111,43.18,15,4.7123,0.26,2.05,1.82,0.69
1.7616E+18,TTD,LONG,263973,303.6594,307.3265,301.6412,175,64.89,13,1.0976,-0.15,2.25,1.91,0.55
1.7616E+18,ETSY,LONG,293097,241.0111,242.9452,238.4737,183,81.28,15,1.173,0.44,2.96,0.78,0.68
1.7616E+18,JNPR,SHORT,480135,521.0144,519.7828,523.3047,97,84.32,19,2.8607,0.28,2.5,0.4,0.28
1.7616E+18,FDX,SHORT,386826,266.0631,268.893,,166,114.72,7,1.9477,0.18,1.5,2.53,0.28
1.7616E+18,AMD,LONG,,506.016,498.6684,500.8505,113,63.76,2,,0.36,2.48,1.15,0.78
1.7616E+18,SPY,SHORT,164893,489.8163,492.1772,491.7889,47,47.97,18,1.7459,0.3,2.02,1.48,0.33
1.7616E+18,PANW,SHORT,440783,452.9339,450.9551,454.3179,270,114.44,0,1.8259,-0.56,2.17,1.69,0.87
1.7616E+18,HD,LONG,125374,307.4337,305.4797,304.2945,57,77.05,1,2.1847,-0.13,1.07,0.3,0.13
1.7616E+18,FDX,SHORT,34860,441.0573,430.9294,447.8419,11,35.78,14,3.9989,0.52,1.53,1.67,0.54
1.7616E+18,SPOT,SHORT,162267,479.206,478.0823,479.8449,49,15.18,9,1.1369,-0.45,1.7,1.38,0.22
1.7616E+18,NVDA,LONG,87475,438.8211,440.0065,437.5269,51,101.11,17,1.2328,0.28,2.78,0.79,0.68
1.7616E+18,MCD,LONG,494090,358.3135,358.6239,357.3686,293,43.46,13,1.6706,0.57,1.03,0.37,0.58
1.7616E+18,GM,SHORT,359410,16.6603,16.4836,16.7769,4390,79.26,,0.087,-0.54,2.02,1.78,0.1
1.7616E+18,LOW,SHORT,,471.7141,,478.816,45,56.5,12,3.101,0.22,3.31,2.2,0.42
1.7616E+18,ZM,LONG,372876,138.9133,136.8835,137.8113,683,23.87,0,0.447,-0.04,1.28,1.44,0.24
1.7616E+18,MDB,SHORT,299227,515.8479,515.3545,518.4778,34,72.2,4,1.4824,0.1,2.29,0.15,0.32
1.7616E+18,UPS,SHORT,228118,608.6787,607.5734,611.3226,100,7.28,12,3.2115,-0.5,2.97,0.45,0.31
1.7616E+18,SQ,SHORT,329516,402.854,,407.0292,145,49.6,13,1.8061,-0.55,3.36,0.95,0.8
1.7616E+18,MDB,SHORT,133786,436.1791,425.0242,440.7602,45,65.59,2,2.9893,0.2,2.87,2.55,0.8
1.7616E+18,INTC,SHORT,447280,761.4255,756.9699,765.0991,102,52.33,14,4.5493,,2.8,1.1,0.77
1.7616E+18,TGT,LONG,,678.4981,,668.7819,5,89.84,18,4.1461,0.34,3.07,0.93,0.59
1.7616E+18,ABNB,LONG,41598,731.818,730.4055,724.7532,2,99.35,16,3.5062,0.05,2.12,0,0.14
1.7616E+18,ATVI,SHORT,267951,651.9442,660.2334,664.3747,110,92.55,2,6.3311,-0.48,3.01,0.77,0.18
1.7616E+18,EEM,SHORT,103106,91.5901,91.7099,92.1742,181,4.66,15,0.3045,0.23,1.02,0.31,0.37
1.7616E+18,JNJ,LONG,299226,123.4485,,122.7568,328,23.3,13,0.768,-0.31,3.31,0.5,0.86
1.7616E+18,EEM,SHORT,301385,423.6659,425.2529,424.6271,60,64.39,11,1.0425,0.49,2.11,1.4,0.77
1.7616E+18,MDB,SHORT,237286,200.6254,199.7202,201.6996,188,112.18,11,0.5724,0.41,2.38,0.98,0.14
1.7616E+18,CSCO,LONG,447785,383.9729,387.7269,382.6074,202,100.19,10,1.4535,0.25,1.64,2.66,0.72
1.7616E+18,TLT,SHORT,21745,318.5204,310.9117,322.1435,10,101.1,16,2.6305,,2.86,2.16,0.56
1.7616E+18,ABNB,SHORT,298173,441.7843,438.009,446.8248,148,36.38,7,2.4421,-0.56,1.19,0.81,0.41
1.7616E+18,SNOW,SHORT,154097,,,603.4949,39,51.53,16,2.2867,0.28,3.18,0.57,0.14
1.7616E+18,SONY,LONG,242732,573.8153,585.0344,569.1755,122,56.48,20,3.2988,-0.2,3.07,2.41,0.17
1.7616E+18,TLT,LONG,395539,419.3811,429.1835,414.9489,188,18.88,19,2.1264,0.49,1.54,2.63,0.35
1.7616E+18,DDOG,SHORT,155360,658.8028,,664.5634,59,3.73,10,2.6458,-0.28,3.02,0,0.39
1.7616E+18,ORCL,LONG,99186,347.5354,345.5676,346.1477,22,113.63,1,0.7669,0.27,2.97,1.37,0.17
1.7616E+18,RIVN,LONG,409756,717.8879,,712.477,85,28.89,9,5.6549,0.45,2.58,1.1,0.24
1.7616E+18,ADBE,LONG,369912,61.6678,60.9915,61.3176,805,28.79,9,0.3342,-0.55,1.93,1.82,0.21
1.7616E+18,SNOW,LONG,,763.9547,741.4487,755.8876,55,10.01,10,7.141,,1.68,2.85,0.49
1.7616E+18,UPS,LONG,209950,525.481,,522.8286,105,111.42,5,3.6156,0.31,1.58,0.91,0.4
1.7616E+18,EEM,LONG,51846,307.1592,307.2766,305.1979,11,69.57,3,1.8745,-0.05,1.8,0,0.65
1.7616E+18,DOCU,LONG,348076,161.7375,160.7484,161.1237,146,80.04,11,0.6679,-0.28,3.26,1.76,0.52
1.7616E+18,LYFT,LONG,158554,385.9507,389.8696,384.4211,107,109.39,10,1.0843,-0.34,1.19,2.41,0.38
1.7616E+18,SONY,SHORT,295555,159.6739,,161.3624,190,41.47,12,0.7288,-0.44,3.07,1.06,0.33
1.7616E+18,SAP,SHORT,454191,137.2336,137.4598,137.5013,718,74.58,4,0.3776,0.43,1.87,0.74,0.39
1.7616E+18,UPS,LONG,463761,495.7946,499.436,489.7329,173,4.66,5,3.1237,0.09,2.3,0.95,0.4
1.7616E+18,PANL,SHORT,350941,420.8524,407.4402,427.3731,215,22.41,0,3.4785,-0.51,2.99,1.98,0.23
1.7616E+18,ADBE,LONG,324451,537.7263,539.1245,536.0611,49,99.75,5,,-0.14,3.21,0.94,0.37
1.7616E+18,TM,SHORT,406309,744.0367,728.9662,756.0572,45,92.01,17,5.1257,-0.16,1.86,1.56,0.44
1.7616E+18,NIO,SHORT,,428.1469,,430.6851,212,42.08,8,1.5506,-0.38,2.15,1.32,0.35
1.7616E+18,JNJ,SHORT,294186,466.841,469.2918,469.3595,180,45.22,14,2.0518,-0.08,2.04,1.24,0.07
1.7616E+18,DAX,SHORT,62930,76.2529,,76.7703,126,64.03,7,0.257,-0.2,1.03,1.86,0.27
1.7616E+18,ORCL,SHORT,258656,575.5204,575.2041,575.9489,59,0.03,18,0.4223,-0.19,1.74,0.92,0.29
1.7616E+18,DIS,SHORT,447629,322.9246,325.7529,325.9268,279,28.95,15,1.591,0.29,2.15,0.96,0.32
1.7616E+18,NIO,LONG,254459,781.4966,786.4432,779.1162,91,24.99,5,4.1083,-0.33,2.03,1.94,0.69
1.7616E+18,NKE,LONG,234695,659.4233,,649.1768,92,30.06,5,4.7028,0.17,2.8,0.51,0.35
1.7616E+18,NFLX,SHORT,,420.3724,415.9626,424.2411,263,96.71,,2.7706,0.08,1.96,0.6,0.15
1.7616E+18,WMT,LONG,305900,102.962,102.3267,101.7536,165,33.56,9,0.6814,0.08,2.22,0.29,0.28
1.7616E+18,CRWD,SHORT,63268,688.2356,684.375,690.2152,7,22.98,0,2.1004,0.2,2.07,1.98,0.59
1.7616E+18,KO,LONG,442430,640.826,634.4011,633.7932,139,60.51,13,3.793,0.06,2.85,1.22,0.64
1.7616E+18,IWM,LONG,222943,151.7452,150.5413,149.2121,374,103.88,3,1.239,0.46,3.16,0.25,0.19
1.7616E+18,CVX,LONG,268916,239.7462,235.4503,237.7488,135,28.96,11,1.3809,0.21,2.33,1.98,0.35
1.7616E+18,NOW,LONG,431818,635.7588,644.1426,626.207,74,9.42,5,5.5039,0.06,2.97,0.86,0.22
1.7616E+18,UBER,SHORT,194403,152.2566,150.8988,154.2006,314,42.77,10,1.3761,0.4,1.74,0.6,0.08
1.7616E+18,SBUX,LONG,58901,734.6132,742.3415,727.1112,5,89.72,11,3.2786,0.13,2.35,1.14,0.2
1.7616E+18,EEM,LONG,372130,,337.762,340.6519,154,,9,1.2351,-0.25,1.86,2.48,0.4
1.7616E+18,ORCL,LONG,204488,74.196,74.8963,73.6326,486,98.02,17,0.258,-0.35,2.04,0.98,0.68
1.7616E+18,COIN,LONG,173268,653.5202,,650.8161,50,115.15,6,,-0.42,2.83,1.76,0.44
1.7616E+18,CVX,SHORT,400530,301.9402,298.9759,303.5209,307,95.12,6,,0.48,3.2,1.88,0.41
1.7616E+18,INTU,LONG,277770,423.5669,429.5409,420.5511,90,72.46,10,,0.25,1.3,1.65,0.15
1.7616E+18,DAX,SHORT,148496,94.282,,94.3552,319,59.2,3,0.0558,0.52,2.59,2.32,0.69
1.7616E+18,BP,SHORT,285001,7.0543,7.0006,7.1619,5000,4.81,19,0.05,,2.46,0.73,0.38
1.7616E+18,SNOW,SHORT,251531,512.1982,512.8899,514.5203,91,118.12,0,2.4308,-0.03,1.3,0.47,0.28
1.7616E+18,UBER,SHORT,256693,414.5643,413.354,416.6483,130,46.02,12,1.3455,-0.53,1.53,0.45,0.08
1.7616E+18,F,SHORT,423198,476.8632,471.646,480.8371,101,18.27,17,1.8814,0.21,1.78,1.18,0.6
1.7616E+18,AVGO,SHORT,,636.0264,637.6214,639.0781,53,,8,,0.1,1.42,0.54,0.22
1.7616E+18,BP,LONG,405196,519.0517,,514.8978,62,34.11,8,2.3279,0.59,1.61,1.42,0.14
1.7616E+18,AMAT,LONG,189362,143.9449,143.2906,143.4397,139,70.29,8,0.5097,-0.31,1.67,1.36,0.47
1.7616E+18,GM,LONG,36431,291.8142,293.588,291.106,21,70.41,9,0.9856,0.04,1.84,2.11,0.38
1.7616E+18,AVGO,LONG,357120,725.1834,710.7658,714.7792,127,53.49,1,4.981,0.18,2.87,1.53,0.14
1.7616E+18,CRM,SHORT,248360,617.106,,620.1637,90,100.33,5,,0.17,2.43,0.97,0.63
1.7616E+18,IWM,SHORT,354855,447.5265,,448.5713,195,31.8,14,1.002,0.07,3.47,1.63,0.08
1.7616E+18,META,LONG,36385,208.2378,208.3241,208.1273,,53.84,2,0.05,0.33,2.04,0.48,0.62
1.7616E+18,TTD,LONG,441374,245.1381,248.1108,243.054,272,64.52,10,1.747,-0.35,2.88,1.27,0.42
1.7616E+18,ETSY,LONG,426235,586.9067,582.3016,583.2566,107,79.63,5,1.4922,0.27,3.18,1.56,0.37
1.7616E+18,SPY,SHORT,290783,681.6835,693.5402,690.7798,41,94.08,2,3.6985,0.14,2.7,1.4,0.17
1.7616E+18,LOW,SHORT,95530,,540.3351,539.8262,11,47.38,10,1.0068,,2.03,1.63,0.58
1.7616E+18,BABA,LONG,240983,648.5763,650.4128,645.7094,73,77.53,14,4.9263,0.42,2.88,0.78,0.78
1.7616E+18,NKE,SHORT,293707,614.4916,639.8247,626.3317,141,18.07,12,6.1986,-0.22,1.51,2.22,0.2
1.7616E+18,NFLX,SHORT,442557,124.0147,126.3911,124.9476,327,111.92,19,0.6654,-0.27,1.82,2.76,0.38
1.7616E+18,HD,LONG,387816,342.0361,342.0812,340.8816,69,45.97,9,1.6458,0.58,2.37,0.02,0.46
1.7616E+18,GM,SHORT,408992,126.6221,127.0366,127.6782,790,87.54,5,0.5515,0.03,2.44,0.33,0.6
1.7616E+18,LYFT,SHORT,439660,192.0123,193.1446,192.721,258,2.44,14,,0.49,1.06,1.33,0.06
1.7616E+18,NVDA,LONG,472132,696.0614,703.1219,686.4936,174,24.62,17,,-0.4,3.36,1.09,0.63
1.7616E+18,TSM,LONG,411927,380.9491,,378.8742,244,58.45,17,2.6693,0.17,,2.82,0.3
1.7616E+18,ADBE,LONG,,430.6097,432.6064,429.393,143,105.39,6,1.6123,0.37,2.24,1.48,0.43
1.7616E+18,QCOM,LONG,355114,146.8645,,146.1543,367,63.27,14,0.8342,0.54,3.33,2.41,0.48
1.7616E+18,AMAT,SHORT,253373,253.2561,253.2776,255.6561,215,111.58,17,0.9915,-0.2,2.1,0,0.35
1.7616E+18,NFLX,SHORT,357697,188.0457,186.3091,189.0689,316,58.06,17,0.5424,0.27,3.45,1.95,0.65
1.7616E+18,UNH,LONG,171779,,169.8403,167.1713,210,58.85,19,,0.05,2.28,0.73,0.44
1.7616E+18,NET,LONG,180182,512.1788,513.3598,510.0858,57,14.37,,1.6159,-0.53,1.29,0.71,0.06
1.7616E+18,TCEHY,LONG,202860,209.2227,,207.42,94,,1,1.5373,0.23,2.91,1.1,0.49
1.7616E+18,META,LONG,92879,507.4523,506.546,505.8414,32,29.64,7,1.6625,0.23,2.7,0.16,0.81
1.7616E+18,ZM,SHORT,442043,51.4714,50.772,51.9022,1564,107.95,19,0.2948,0.52,2.93,1.65,0.47
1.7616E+18,DDOG,LONG,248260,117.7106,116.5975,116.9946,532,109.3,1,0.4465,0,3.38,1.45,0.69
1.7616E+18,SMCI,LONG,408871,223.2595,,221.0727,428,113.2,10,1.24,-0.32,2.94,1.51,0.48
1.7616E+18,NOW,LONG,317003,479.6523,,477.7297,142,62.43,6,1.8956,-0.55,,2.01,0.67
1.7616E+18,AMD,SHORT,456841,542.2938,534.1718,545.5251,65,81.25,5,1.3479,-0.1,3.14,2.51,0.56
1.7616E+18,UBI.PA,LONG,324242,356.96,354.8682,355.1717,208,93.42,9,2.1302,-0.24,2.68,1.01,0.37
1.7616E+18,PANL,SHORT,156323,359.4038,366.2281,363.3615,75,,4,1.6278,0.31,2.02,1.68,0.15
1.7616E+18,LYFT,LONG,132413,580.9909,578.5247,579.2761,62,72.11,10,3.2373,-0.17,3.21,1.53,0.43
1.7616E+18,WMT,SHORT,272670,17.5778,17.4011,17.6843,4342,4.12,0,0.0728,0.54,1.55,1.6,0.57
1.7616E+18,UPS,SHORT,340904,276.1666,274.8958,276.9219,78,59.71,1,0.6474,0.55,2.79,1.61,0.07
1.7616E+18,ASML,LONG,57837,655.8721,639.2259,649.3001,22,18.58,0,4.7002,0.15,3.2,2.57,0.75
1.7616E+18,AMZN,LONG,270550,484.5594,479.7416,479.4109,33,21.95,18,3.1368,0.51,2.83,0.93,0.62
1.7616E+18,MDB,SHORT,283680,273.0956,273.5966,274.5433,147,43.81,1,1.0558,0.31,2.74,0.08,0.46
1.7616E+18,CMG,SHORT,38541,724.8922,728.8734,729.8461,9,51.89,20,3.7256,,2.88,0.74,0.03
1.7616E+18,TWLO,LONG,89083,619.2351,604.6566,,12,74.78,19,4.3867,-0.38,2.16,1.91,0.4
1.7616E+18,NIO,LONG,454243,215.5919,217.9696,213.9431,498,8.93,20,0.8809,-0.05,3.19,1.32,0.73
1.7616E+18,DIS,SHORT,44531,518.0054,521.2929,522.9393,4,60.44,3,2.2773,0.07,1.51,0.93,0.28
1.7616E+18,SHEL,SHORT,280856,478.6218,,481.2479,53,21.92,11,2.6263,0.44,1.32,0.44,0.35
1.7616E+18,AVGO,LONG,376245,323.9444,327.2867,321.6713,226,68.88,19,1.3223,-0.02,1.71,1.48,0.65
1.7616E+18,GLD,SHORT,337599,296.7301,,300.058,259,76.49,17,1.9923,0.48,2.33,1.82,0.55
1.7616E+18,HD,LONG,84744,,281.2254,276.5234,84,66.81,0,1.2967,0.21,,1.54,0.05
1.7616E+18,FDX,SHORT,262859,495.6388,,498.1429,119,88.6,0,1.701,-0.44,3.05,1.1,0.32
1.7616E+18,NIO,LONG,139749,356.7159,353.1925,354.2152,85,40.27,13,2.2178,0.59,2.01,1.42,0.31
1.7616E+18,AVGO,LONG,277253,666.3312,664.5584,664.913,61,91.81,3,1.8096,0.03,2.21,1.41,0.31
1.7616E+18,BYND,LONG,321412,537.3341,530.756,532.8334,30,51.93,4,4.852,-0.13,1.03,1.45,0.65
1.7616E+18,ASML,SHORT,241809,60.5956,60.8344,60.9474,319,58.1,10,0.4948,0.19,2.02,0.35,0.2
1.7616E+18,ADBE,LONG,326759,513.9337,503.9362,508.1533,116,77.77,12,3.0975,-0.47,2.62,1.46,0.58
1.7616E+18,SLV,LONG,92503,220.5622,218.6454,218.2085,91,2.2,15,1.2922,0.16,1.04,0.95,0.2
1.7616E+18,GM,LONG,264346,476.2855,463.1235,469.6925,85,78.48,12,2.7457,0,1.7,2.13,0.7
1.7616E+18,SHOP,LONG,432975,545.7049,552.759,541.4047,184,74.23,1,2.1947,-0.11,,1.41,0.21
1.7616E+18,SLV,SHORT,95708,188.5092,,189.1463,91,37.18,15,1.0546,0.54,1.1,1.97,0.17
1.7616E+18,COST,LONG,201184,368.2026,371.4645,365.5684,37,10.3,5,1.1612,0.03,2.2,1.06,0.4
1.7616E+18,DIS,SHORT,112471,156.3083,153.9265,158.3979,70,10.91,13,0.939,-0.34,1.45,1.09,0.37
1.7616E+18,AVGO,SHORT,264225,46.6094,,47.0447,1473,110.79,0,0.3139,-0.05,2.86,2.5,0.51
1.7616E+18,AAPL,LONG,167661,305.8888,301.897,303.7187,126,82.71,16,1.2981,0.5,3.12,1.65,0.26
1.7616E+18,GOOGL,LONG,171087,293.5407,294.752,290.7985,159,15.25,10,1.1183,-0.39,2.36,0.73,0.08
1.7616E+18,LULU,LONG,170081,796.407,802.6053,793.1983,16,42.81,18,2.0508,-0.34,3.45,2.02,0.47
1.7616E+18,SLV,LONG,355453,359.8501,365.9864,353.2682,293,71.1,2,2.8485,-0.58,2.13,0.87,0.28
1.7616E+18,SONY,LONG,398590,270.1878,269.1011,269.4736,150,100.27,10,1.0723,-0.58,2.28,1.48,0.19
1.7616E+18,EA,LONG,203118,466.4776,461.3065,464.5837,23,5.24,4,2.147,0.4,3.47,2.77,0.22
1.7616E+18,COIN,SHORT,378805,75.5701,75.8022,76.1548,1500,28.4,16,0.4232,0.28,1.58,0.15,0.49
1.7616E+18,LCID,LONG,167215,769.5243,760.4917,762.3754,26,106.77,6,4.282,-0.17,3.36,1.16,0.1
1.7616E+18,DKNG,LONG,16154,509.7932,524.6026,502.7346,6,1.1,9,3.3101,0.24,1.11,1.63,0.07
1.7616E+18,SMCI,SHORT,162876,605.0961,593.9166,611.4519,25,24.17,10,2.5664,-0.13,2.12,1.91,0.42
1.7616E+18,TSLA,LONG,444904,140.53,140.3592,140.0412,617,115.08,2,0.3826,0.54,1.18,0.31,0.64
1.7616E+18,GM,SHORT,74288,330.5349,,331.0014,61,73.61,19,,0.56,2.82,0.07,0.55
1.7616E+18,LRCX,SHORT,61195,341.0378,334.5056,343.7921,23,31.4,9,1.3101,-0.13,2.52,2.17,0.69
1.7616E+18,ASML,LONG,292725,658.3361,655.8104,654.853,96,8.04,9,2.0384,0.43,2.77,0.72,0.13
1.7616E+18,ROKU,SHORT,455864,5.9832,5.9328,6.0281,5000,3.38,13,0.05,0.33,1.94,0.69,0.18
1.7616E+18,ASML,LONG,302231,244.1782,251.9097,241.4082,255,29.37,11,1.8595,-0.23,1.92,2.54,0.43
1.7616E+18,DIS,LONG,191002,785.0829,772.3607,778.4682,32,105.78,14,3.333,-0.32,1.11,1.36,0.4
1.7616E+18,MRNA,LONG,174053,382.5348,387.0691,379.2211,46,49.91,9,1.6237,-0.05,1.87,1.36,0.5
1.7616E+18,SQ,LONG,79298,309.1084,311.2519,306.8065,32,86.44,9,1.5354,0.34,3.32,1.16,0.37
1.7616E+18,PG,SHORT,318311,100.2641,100.3479,100.7305,300,110.19,18,0.42,0.55,1.95,0.32,0.53
1.7616E+18,INTU,LONG,216376,779.4609,795.4766,770.1795,76,48.96,0,3.7922,0.32,3.08,1.84,0.22
1.7616E+18,LOW,LONG,446624,20.921,,20.6886,3187,22.95,9,0.1272,0.43,3.11,1.63,0.37
1.7616E+18,MDB,LONG,49499,591.0583,582.3635,585.7908,9,62.05,1,4.0012,0.12,1.93,1.43,0.59
1.7616E+18,EEM,SHORT,397960,616.0368,611.3333,620.616,104,108.97,16,4.3162,0.4,2.58,1.21,0.62
1.7616E+18,NIO,LONG,455485,198.7071,203.3342,195.1535,298,96.52,6,1.811,0.34,1.24,1.07,0.62
1.7616E+18,SHOP,SHORT,179631,538.889,,542.1454,78,7.9,6,3.3081,-0.15,1.26,2.03,0.3
1.7616E+18,F,LONG,255198,78.8787,,78.2487,947,83.11,19,0.7469,0.06,1.12,1.19,0.5
1.7616E+18,BABA,SHORT,477535,209.3526,,210.4781,363,68.63,8,0.7216,0.37,2.45,1.25,0.41
1.7616E+18,MRNA,SHORT,252997,631.3821,640.5052,637.6435,106,108.9,1,5.7977,-0.54,2.07,1.72,0.47
1.7616E+18,JNJ,SHORT,498533,692.4255,,697.5854,137,14.7,13,2.9354,0.37,2.37,1.47,0.12
1.7616E+18,CRM,SHORT,106347,488.7467,492.9053,490.3422,19,64.08,16,2.1681,-0.39,2.3,2.61,0.55
1.7616E+18,PYPL,LONG,320931,407.9366,407.8937,404.422,175,105.54,0,1.9419,0.02,1.88,0,0.92
1.7616E+18,TWLO,SHORT,307632,131.6467,,132.2874,416,49.2,8,0.6007,0.37,2.69,1.54,0.45
1.7616E+18,AAPL,LONG,346585,55.1717,55.2872,55.0289,1335,57.84,19,0.2853,-0.3,2.9,0.74,0.16
1.7616E+18,SHEL,LONG,215735,98.531,98.3196,98.2457,596,8.46,20,0.3784,-0.31,1.04,0.55,0.16
1.7616E+18,GOOGL,LONG,32431,185.7491,188.3201,182.8206,27,33.38,18,1.2371,-0.12,1.52,0.93,0.55
1.7616E+18,UBER,SHORT,333825,276.6312,280.0357,279.0387,332,38.94,3,1.0773,0.47,2.78,1.34,0.32
1.7616E+18,ETSY,LONG,204555,307.8231,310.4826,305.9441,157,113.41,7,1.9427,-0.6,1.97,1.38,0.06
1.7616E+18,F,SHORT,132720,280.3258,281.0682,284.9701,81,33.92,12,2.2581,0.48,2.66,0.09,0.68
1.7616E+18,LOW,SHORT,59153,195.049,193.5939,196.4844,60,55.3,3,0.8359,-0.42,1.87,0.87,0.59
1.7616E+18,ORCL,SHORT,278512,410.2308,,416.8308,89,80.56,8,2.7029,0.59,1.98,1.52,0.4
1.7616E+18,HD,SHORT,430640,661.1025,658.2033,666.1472,192,19.46,8,4.0448,0.55,1.4,0.6,0.19
1.7616E+18,TLT,SHORT,384504,227.3643,227.7422,231.3906,366,58.37,17,2.1613,-0.01,1.65,0.41,0.41
1.7616E+18,UBER,SHORT,186076,754.1977,753.9971,756.0849,14,88.62,11,3.0095,0.02,2.51,0,0.54
1.7616E+18,COST,SHORT,487085,699.3026,693.6493,705.2591,91,104.02,9,4.6085,-0.02,2.08,0.77,0.47
1.7616E+18,NKE,SHORT,229724,133.6025,133.7149,134.1694,353,75.15,10,0.2335,0.16,2.94,0.38,0.46
1.7616E+18,ABNB,SHORT,384899,630.0894,631.7421,634.0747,39,80.29,6,2.5256,-0.49,3.13,0.51,0.2
1.7616E+18,CRWD,SHORT,66985,461.797,465.2068,464.6321,8,15.15,8,2.6354,-0.56,2.35,1.08,0.47
1.7616E+18,AMD,LONG,322213,455.4274,452.9449,452.8014,114,113.49,5,3.5461,-0.53,2.9,0.82,0.14
1.7616E+18,SLV,LONG,324470,315.879,315.3801,314.344,136,15.91,18,0.8049,-0.07,1.77,0.37,0.4
1.7616E+18,MDB,LONG,118737,403.4166,403.4746,398.6715,46,92.96,15,2.6513,-0.27,2.04,0,0.55
1.7616E+18,FDX,LONG,222133,320.7571,323.4572,318.8064,80,31.78,14,1.5632,0.15,2.78,1.54,0.48
1.7616E+18,AMD,SHORT,164470,434.0874,437.8234,436.1278,34,112.03,6,0.8495,0.59,1.97,1.9,0.54
1.7616E+18,GM,SHORT,239465,504.2203,503.0322,505.6925,105,86.4,15,2.7042,-0.14,2.47,0.98,0.64
1.7616E+18,HMC,SHORT,60861,541.0715,535.7243,546.1158,20,90.46,4,4.5549,0.09,1.46,1.09,0.33
1.7616E+18,UNH,LONG,348041,428.3225,,425.5546,81,26.29,15,1.1818,-0.1,2.5,1.3,0.75
1.7616E+18,CRWD,SHORT,222977,578.5305,571.2504,581.6882,50,53.16,0,2.7654,0.42,3.15,2.56,0.35
1.7616E+18,SLV,SHORT,137118,117.316,117.3649,117.6727,231,74.14,18,0.3551,0.48,3.17,0.05,0.54
1.7616E+18,TXN,SHORT,340721,173.5261,,174.6319,133,92.4,4,0.705,0.45,2.81,0.97,0.77
1.7616E+18,DAX,SHORT,206713,655.8943,656.4938,666.9721,27,12.48,6,5.1582,0.57,2.86,0,0.32
1.7616E+18,ATVI,SHORT,19078,261.4097,262.6164,262.2326,4,115.48,18,1.1651,-0.57,2.39,1.59,0.27
1.7616E+18,NET,LONG,428219,23.2006,22.8473,22.7687,4671,106.83,4,0.181,0.41,2.46,1.18,0.36
1.7616E+18,EA,SHORT,334912,127.264,124.6141,129.184,626,32.44,16,0.9186,0.3,1.33,1.46,0.22
1.7616E+18,LYFT,LONG,61047,182.7735,181.736,182.0996,79,98.73,7,0.7813,-0.33,2.11,1.42,0.58
1.7616E+18,TGT,LONG,343770,766.0717,779.045,760.1836,102,62.2,0,3.0603,0.55,2.13,2.09,0.37
1.7616E+18,DKNG,SHORT,329804,460.5679,463.848,462.4442,155,55.42,1,1.4775,-0.42,3.4,1.73,0.22
1.7616E+18,SAP,LONG,245458,746.5209,,743.4645,55,37.73,14,2.3428,0.22,2.08,1.96,0.2
1.7616E+18,LULU,SHORT,453002,462.2549,460.7428,467.7061,206,69.72,19,2.6378,-0.33,2.37,0.45,0.42
1.7616E+18,SLV,LONG,405141,386.0868,396.1624,381.4413,62,87.59,17,1.9152,-0.08,2.33,2.25,0.38
1.7616E+18,ZM,SHORT,225048,254.4135,255.1358,255.1328,181,49.31,10,0.9548,0.26,2.59,0.72,0.41
1.7616E+18,ADBE,LONG,246293,487.0649,,485.8221,123,75.51,9,0.9266,0.08,2.87,0.77,0.46
1.7616E+18,TSM,SHORT,127832,115.6624,117.2558,116.5438,193,83.92,3,0.6029,-0.09,1.56,1.52,0.46
1.7616E+18,TTD,SHORT,402550,719.118,725.0622,722.776,77,85.33,4,2.9203,-0.21,2.32,1.54,0.21
1.7616E+18,TSLA,LONG,135150,664.3193,666.7033,660.564,24,6.24,3,3.0621,0.41,3.06,0.44,0.27
1.7616E+18,CSCO,SHORT,167087,257.4375,258.3643,258.3105,136,103.17,12,1.4441,-0.43,2.16,1.16,0.19
1.7616E+18,SBUX,SHORT,43320,762.474,,762.5676,12,54.99,12,0.05,-0.08,1.7,2.49,0.29
1.7616E+18,MRNA,LONG,337025,661.0346,660.201,659.2805,136,31.49,17,1.2781,0.48,2.64,0.13,0.42
1.7616E+18,COIN,LONG,100827,534.714,523.2359,530.1509,25,29.01,1,5.1295,0.42,3.06,2.49,0.41
1.7616E+18,TCEHY,LONG,374359,101.8007,100.5832,100.9353,891,57.96,15,0.4059,-0.12,1.16,1.11,0.07
1.7616E+18,INTC,LONG,429505,385.196,,385.0907,212,106.42,0,0.05,0.32,2.94,0,0.77
1.7616E+18,LCID,SHORT,269931,407.3555,407.3956,408.6155,179,45.4,18,0.8555,0.39,3.05,0.21,0.63
1.7616E+18,DOCU,SHORT,406605,189.8783,191.253,191.9546,389,89.97,8,1.8929,0.47,2.15,0.53,0.2
1.7616E+18,META,LONG,428899,68.5725,,68.1348,1122,11.62,2,0.2464,0.05,3.46,0.8,0.26
1.7616E+18,DKNG,LONG,416845,622.4953,616.5445,617.5923,130,57.13,6,4.5554,-0.35,2.97,1.22,0.48
1.7616E+18,UBI.PA,SHORT,333694,102.0179,,102.5377,776,119,9,0.5348,-0.29,2.93,0,0.55
1.7616E+18,BABA,LONG,34826,477.4611,483.7481,473.6877,20,92.45,0,1.9242,-0.25,2.87,1.45,0.51
1.7616E+18,TLT,LONG,110734,749.4771,750.7908,746.6263,10,25.26,9,4.9097,0.11,1.38,0.46,0.27
1.7616E+18,JNJ,SHORT,167702,701.5036,,701.6154,15,60.17,20,0.1622,-0.56,1.54,2.41,0.46
1.7616E+18,IBM,SHORT,239834,225.8133,,226.0589,302,28.03,8,0.4782,0.16,2.16,1.08,0.72
1.7616E+18,INTU,SHORT,187235,681.9017,686.9323,684.1082,49,49.15,14,2.738,-0.16,1.66,2.05,0.33
1.7616E+18,PANW,SHORT,108511,5.2643,,5.2962,4199,93.61,14,0.05,-0.25,2.04,2.19,0.48
1.7616E+18,EA,LONG,469651,19.0618,19.4563,18.8794,4203,92.55,2,0.0732,0.46,3.22,2.17,0.64
1.7616E+18,UPS,SHORT,283797,484.0298,480.6471,487.5284,43,27.37,4,3.2466,-0.05,3.06,0.85,0.13
1.7616E+18,PANL,LONG,169033,295.0146,295.6555,293.7745,138,110.67,8,1.553,-0.49,2.58,0.84,0.4
1.7616E+18,TM,LONG,91941,312.2364,314.4592,309.8874,69,71.11,8,2.3921,0.39,3.15,1.12,0.57
1.7616E+18,NET,LONG,215209,453.7307,,447.9284,60,45.59,6,2.4459,-0.54,2.96,1.81,0.18
1.7616E+18,JNJ,LONG,305806,157.4671,158.6664,155.7729,245,60.23,11,1.0999,0.27,2.07,0.89,0.52
1.7616E+18,LULU,SHORT,108818,173.3455,,174.3839,162,72.61,8,0.8445,0.33,1.5,1.2,0.04
1.7616E+18,DKNG,LONG,459662,390.2583,395.3152,386.9092,80,67.19,5,1.4906,-0.18,2.29,1.52,0.48
1.7616E+18,VTI,LONG,162360,604.6316,603.9154,598.4221,72,58.37,1,4.8136,0.39,2.84,0.58,0.6
1.7616E+18,EEM,LONG,263627,497.5007,498.4508,495.4161,60,60.59,8,1.7817,0.02,2.09,0.53,0.36
1.7616E+18,AAPL,LONG,105081,241.3973,,240.1416,86,21.17,16,1.373,-0.04,2.67,1.17,0.46
1.7616E+18,SQ,SHORT,46877,347.1181,351.371,349.9675,38,97.53,0,2.2694,-0.55,1.24,1.28,0.28
1.7616E+18,RIVN,LONG,383706,140.6785,138.5096,139.6129,598,65.01,18,0.9402,-0.25,2.87,1.65,0.33
1.7616E+18,TSLA,SHORT,418529,64.3307,64.8222,64.6491,999,15.73,5,0.1717,0.52,3.03,1.84,0.37
1.7616E+18,SLV,LONG,221957,627.2434,629.9015,622.4347,78,91.94,4,4.4559,-0.13,2.77,0.42,0.52
1.7616E+18,JNPR,SHORT,82715,215.983,215.234,217.0699,51,111.89,1,0.657,0.06,3.42,0.65,0.61
1.7616E+18,SBUX,SHORT,151398,146.3243,145.9849,146.9364,123,113.68,8,0.9689,0.04,3.07,0.52,0.16
1.7616E+18,IWM,LONG,120091,554.8364,561.5024,551.8639,64,44.28,13,3.368,0.11,3.26,2.43,0.62
1.7616E+18,META,SHORT,142632,496.3511,501.7566,500.6826,68,16.26,3,3.2944,-0.53,3.33,1.2,0.24
1.7616E+18,GOOGL,LONG,351292,508.3858,511.9753,505.2601,145,62.21,3,1.3167,-0.17,3,1.31,0.07
1.7616E+18,BP,LONG,93186,186.9712,185.0367,185.5226,69,13.51,20,1.1547,0.27,2.69,1.35,0.28
1.7616E+18,SNOW,SHORT,429961,189.9532,191.1941,192.4435,140,112.08,14,1.3622,-0.36,1.01,0.73,0.55
1.7616E+18,BP,LONG,172962,180.5381,177.9971,179.5557,55,22.03,7,0.9725,-0.36,2.16,2.55,0.64
1.7616E+18,DDOG,LONG,161094,143.1333,143.8718,142.7704,212,30.33,3,0.4813,-0.59,2.43,1.63,0.12
1.7616E+18,HD,SHORT,395773,526.3003,529.0657,528.5215,180,48.8,15,3.5996,-0.08,1.76,1.33,0.56
1.7616E+18,HD,LONG,455795,679.1726,,675.2285,123,45.98,20,3.5506,0.46,1.8,0.42,0.67
1.7616E+18,NOW,SHORT,80316,580.8324,580.5114,581.6143,35,95.36,3,0.959,-0.54,3.4,0.37,0.31
1.7616E+18,LYFT,LONG,487063,634.7144,636.5875,632.9879,44,54.76,15,2.0359,-0.37,3.23,1.05,0.56
1.7616E+18,INTU,SHORT,38380,326.8148,325.1291,329.4228,16,20.49,11,1.2901,-0.23,3.12,0.74,0.07
1.7616E+18,KO,SHORT,120198,524.9903,526.1116,527.2265,24,32.07,15,4.206,0.28,2.02,0.45,0.53
1.7616E+18,TGT,SHORT,274500,286.6178,290.3633,290.1651,154,61.09,18,2.1956,0.17,1.03,1,0.3
1.7616E+18,AAPL,SHORT,80326,422.7762,427.2321,426.8499,12,17.69,7,3.2359,-0.1,1.2,1.13,0.16
1.7616E+18,XOM,LONG,364591,387.8997,383.4415,384.6922,270,73.4,5,2.1198,0.31,1.78,1.41,0.56
1.7616E+18,ASML,SHORT,124994,145.6253,147.0107,147.2415,90,67.89,9,0.9942,0.13,1.04,0.9,0.21
1.7616E+18,LULU,LONG,230971,312.7276,312.8497,311.7698,207,85.76,4,0.8501,0.48,1.04,0.49,0.3
1.7616E+18,AMZN,LONG,292193,771.2387,775.6486,767.0232,59,112.52,17,3.8667,0.38,3.29,0.52,0.22
1.7616E+18,SONY,LONG,,202.6213,197.6237,200.2688,700,109.47,9,1.1961,-0.3,2.77,2.27,0.45
1.7616E+18,UBI.PA,LONG,377505,111.374,111.021,110.6622,638,113.53,9,0.3174,-0.27,1.77,0.3,0.59
1.7616E+18,ROKU,LONG,288226,337.7716,340.4228,336.1511,241,29.37,6,1.8307,-0.45,1.33,1.59,0.16
1.7616E+18,SPOT,SHORT,272805,633.3185,625.9846,637.0053,22,15.79,17,5.303,-0.2,2.28,1.72,0.2
1.7616E+18,SLV,SHORT,178484,467.8078,459.2751,474.3773,90,36.27,0,2.8618,0.6,1.01,1.2,0.34
1.7616E+18,IWM,SHORT,275064,546.375,557.1894,550.8556,138,107.41,6,3.7345,-0.11,3.35,2.71,0.44
1.7616E+18,COST,LONG,494410,155.8074,155.9428,155.7273,269,,20,0.05,-0.34,2.04,1.7,0.27
1.7616E+18,AVGO,SHORT,255378,497.0638,481.8858,501.9817,37,103.12,0,,0.31,2.01,2.77,0.3
1.7616E+18,PANW,LONG,463531,262.1828,262.9649,261.2709,275,13.2,14,1.2133,0.05,1.98,0.78,0.09
1.7616E+18,SPOT,LONG,351705,668.2712,665.7325,664.3868,149,113.69,3,2.314,-0.42,1.17,0.79,0.21
1.7616E+18,SHEL,LONG,281090,505.2926,510.9563,501.6494,103,50.8,19,2.35,-0.14,2.6,1.72,0.46
1.7616E+18,GOOGL,LONG,235314,163.0907,,162.7907,,1.12,9,0.3311,-0.1,2.83,1.09,0.29
1.7616E+18,UNH,SHORT,448716,56.3703,54.7835,56.9318,678,53.09,8,0.4,0.3,2.69,2.65,0.51
1.7616E+18,ORCL,SHORT,245612,38.8934,39.4831,39.246,316,5.53,1,0.1684,-0.58,1.35,1.57,0.2
1.7616E+18,UBI.PA,LONG,288453,,299.207,298.4918,242,65.27,13,1.0578,-0.28,2.45,0.46,0.58
1.7616E+18,SHEL,LONG,65230,216.3517,216.4622,215.6516,21,40.63,15,1.009,0.02,2.42,0,0.81
1.7616E+18,META,LONG,383966,518.6416,509.044,512.6518,154,56.81,0,3.7529,-0.28,3.17,1.24,0.56
1.7616E+18,QQQ,LONG,433243,,396.2021,397.9394,300,73.58,1,2.1155,0.15,1.95,1.23,0.47
1.7616E+18,QQQ,SHORT,475757,216.4853,,217.4698,224,104.26,6,0.4721,,1.93,1.55,0.19
1.7616E+18,F,LONG,384484,123.644,,122.3549,672,79.43,9,0.7332,-0.17,2.55,2.27,0.71
1.7616E+18,LYFT,LONG,69321,106.1238,106.7336,105.8553,45,52.09,19,0.3334,0.54,2.58,2.16,0.3
1.7616E+18,MRNA,LONG,142028,692.405,691.6881,,41,98.33,0,0.4762,0.16,2.17,0.84,0.58
1.7616E+18,SNOW,SHORT,241447,198.565,199.0306,201.5082,110,108.67,12,1.5869,-0.44,2.11,0.26,0.4
1.7616E+18,PEP,SHORT,346275,523.11,521.6343,,154,14.37,0,3.0939,0.07,2.24,0.31,0.21
1.7616E+18,INTU,SHORT,451124,649.4953,,653.6588,86,63.83,4,3.1458,0.34,3.15,0.71,0.03
1.7616E+18,CRM,SHORT,481555,493.1946,496.0876,495.6723,161,34.14,15,2.1251,0.25,2.15,1.01,0.46
1.7616E+18,TCEHY,LONG,298107,688.3544,708.8362,678.4889,86,5.65,14,5.3651,-0.39,3.35,1.54,0.66
1.7616E+18,LOW,LONG,111757,316.953,,,32,80.23,16,3.5417,0.57,2.26,0.66,0.33
1.7616E+18,XOM,SHORT,442659,765.1966,,772.786,136,103.53,15,4.5128,-0.06,3.37,1.52,0.02
1.7616E+18,SMCI,SHORT,371403,110.8503,,111.6087,420,19.55,12,0.326,-0.41,3.08,1.59,0.49
1.7616E+18,ATVI,SHORT,311207,86.2089,,87.0564,778,97.49,10,0.4044,-0.38,1.91,1.41,0.87
1.7616E+18,VTI,SHORT,386369,528.6603,533.416,535.9201,65,102.41,16,3.0986,-0.48,3.16,0.4,0.23
1.7616E+18,SMCI,SHORT,388544,754.5508,,755.1088,114,109.72,16,0.2271,0.36,1.28,1.67,0.09
1.7616E+18,UNH,SHORT,352962,648.0624,653.6558,649.9778,44,31.83,1,3.6739,-0.45,3.31,2.97,0.44
1.7616E+18,VTI,SHORT,276847,65.7514,,66.4253,658,108.47,12,0.3861,-0.45,2.58,1.5,0.24
1.7616E+18,CSCO,SHORT,206200,227.0973,227.2394,229.4012,101,38.48,13,1.7379,0.42,1.14,0,0.44
1.7616E+18,DOCU,SHORT,82099,744.6035,775.6367,756.9073,26,66.28,10,5.543,-0.19,2.61,2.29,0.27
1.7616E+18,PEP,SHORT,429065,206.1815,206.8869,207.2622,240,6.06,9,1.0768,-0.56,3.44,0.74,0.29
1.7616E+18,GLD,LONG,172932,626.0305,590.6686,613.6547,74,5.27,2,5.0266,-0.54,1.17,3.11,0.18
1.7616E+18,XOM,SHORT,41585,660.9801,671.9305,671.3377,16,86.44,16,5.996,-0.43,2.39,1.39,0.28
1.7616E+18,EA,LONG,425231,398.8844,397.5175,394.6754,105,53.34,14,2.0167,-0.34,2.87,0,0.56
1.7616E+18,VTI,SHORT,480755,,,313.3702,313,30.76,8,1.8218,,3.03,0,0.07
1.7616E+18,CVX,SHORT,53585,362.8489,364.0157,363.3098,10,22.85,9,0.5317,-0.41,2.03,2.53,0.51
1.7616E+18,SMCI,SHORT,299102,185.4369,183.8708,186.2216,238,80.39,7,0.3891,-0.46,1.51,2.18,0.61
1.7616E+18,ARKK,LONG,298161,712.0658,716.0566,710.7784,95,0.05,20,2.3666,0.32,1.11,3.08,0.58
1.7616E+18,CSX,LONG,479923,363.2426,,360.055,283,96.71,12,1.4939,0.21,2.45,1.31,0.77
1.7616E+18,PEP,LONG,396821,706.5553,704.9682,705.5081,115,9.51,17,1.9838,-0.08,2.13,1.25,0.2
1.7616E+18,DOCU,SHORT,448566,89.0263,88.2341,89.8222,607,22.98,,0.4387,0.06,3.37,0.99,0.21
1.7616E+18,XOM,LONG,415417,790.6788,,786.6202,75,46.35,5,3.2992,-0.23,1.15,0.77,0.39
1.7616E+18,JNPR,LONG,301570,357.4021,353.098,353.0042,63,58.18,16,2.5525,-0.02,2.71,0.99,0.29
1.7616E+18,META,LONG,289922,43.0255,,42.6957,1548,42.6,10,0.1743,0.01,1.06,1.47,0.57
1.7616E+18,ZM,SHORT,186313,35.2274,35.1984,35.2866,930,38.49,19,0.05,-0.14,1.43,0.62,0.08
1.7616E+18,AMZN,SHORT,52229,598.2348,597.7793,600.4839,19,115.67,15,3.1416,0.49,2.13,0,0.72
1.7616E+18,INTC,LONG,96652,528.9332,531.6254,527.2521,20,76.99,8,2.6296,-0.58,2.14,1.43,0.36
1.7616E+18,LCID,LONG,,642.6938,640.3173,639.1612,81,2.81,1,2.1054,0.34,,0.61,0.54
1.7616E+18,LYFT,LONG,259474,88.7672,88.7303,88.0571,390,51.62,4,0.4607,-0.45,3.28,0,0.18
1.7616E+18,HD,SHORT,189436,33.2788,,33.4669,321,105,0,0.0948,0.36,2.6,1.74,0.52
1.7616E+18,LYFT,SHORT,398647,409.3205,408.2978,412.8405,131,36.17,3,2.3166,0.14,3.38,0.41,0.27
1.7616E+18,SAP,LONG,270116,313.1382,320.4978,308.8149,216,11.35,3,3.2146,0.41,3.2,1.83,0.71
1.7616E+18,CSX,SHORT,357022,372.2478,373.4693,372.9179,263,91.01,2,0.517,-0.48,2.46,1.81,0.22
1.7616E+18,SBUX,LONG,329200,793.3128,790.663,791.5726,74,72.72,8,3.1475,0.07,3.08,1.53,0.41
1.7616E+18,SPOT,SHORT,430706,776.7462,,780.0637,90,68.44,11,2.8328,0,2.61,3.3,0.12
1.7616E+18,TSLA,LONG,29975,754.1407,763.2968,746.4972,2,6.43,9,3.1172,0.25,1.2,1.19,0.11
1.7616E+18,BP,LONG,167795,628.1549,643.1757,618.2179,72,16.86,1,4.4221,0.04,2.85,1.07,0.38
1.7616E+18,TCEHY,LONG,426495,287.0989,282.8283,285.0743,79,74.71,10,1.7472,0.05,1.24,1.85,0.19
1.7616E+18,LULU,SHORT,219373,332.6441,327.9164,336.3771,188,24.94,9,2.2279,-0.08,2.49,1.26,0.1
1.7616E+18,MU,SHORT,414777,,430.2497,446.8534,161,60.49,5,2.2367,-0.23,,2.23,0.59
1.7616E+18,LOW,LONG,207133,665.2749,665.6672,663.108,42,65.39,17,1.5673,-0.02,1.17,0.28,0.65
1.7616E+18,SNOW,SHORT,360541,59.6267,59.6449,59.7152,1699,34.02,1,0.1652,-0.46,1.58,0.3,0.45
1.7616E+18,RIVN,SHORT,190225,342.316,,343.7584,31,113.81,1,2.2225,0.55,3.29,1.91,0.48
1.7616E+18,PG,LONG,305286,,70.6672,70.1068,843,,9,0.3776,0.26,2.54,0.37,0.59
1.7616E+18,IWM,LONG,299060,414.1528,,406.5567,135,86.68,15,3.1146,0.54,1.62,1.79,0.43
1.7616E+18,LOW,SHORT,74324,719.6262,,727.21,10,9.36,11,4.0202,-0.33,2.73,1.6,0.22
1.7616E+18,UBER,LONG,186037,627.0755,,626.0154,46,12.74,0,1.6517,0.46,2.49,0.74,0.66
1.7616E+18,AMD,LONG,398076,186.1347,187.0752,185.4876,455,59.13,20,0.7364,0.37,2.25,1.59,0.52
1.7616E+18,AMZN,SHORT,145720,780.9127,779.3323,790.6902,43,19.29,7,4.7867,0.21,3.44,0.31,0.1
1.7616E+18,AMZN,LONG,176205,535.5436,539.7471,528.0378,16,117.39,15,3.4385,0.15,2.71,0.5,0.5
1.7616E+18,LCID,LONG,453893,13.29,,13.1352,5000,19.02,17,0.0892,-0.22,1.94,1.11,0.36
1.7616E+18,COIN,LONG,106059,208.0537,209.6401,206.9732,46,58.5,12,0.604,0.38,3,1.36,0.52
1.7616E+18,BYND,SHORT,497804,212.2671,,212.5741,254,43.69,14,0.5515,0,3.21,1.06,0.26
1.7616E+18,TLT,LONG,108317,60.0572,59.0511,59.4586,208,76.73,20,0.2775,-0.51,1.31,1.65,0.23
1.7616E+18,BYND,LONG,211207,768.0621,745.8484,755.494,16,15.48,11,6.0524,-0.22,1.5,1.61,0.09
1.7616E+18,NET,LONG,307190,385.213,381.2689,383.7964,64,51.64,7,1.3915,0.52,1.54,2.52,0.47
1.7616E+18,SPY,LONG,450280,717.1726,727.4943,,185,,9,4.2384,,2.73,1.22,0.26
1.7616E+18,ROKU,LONG,,261.1613,265.0264,259.7263,54,106.53,13,1.5435,0.58,2.51,2.26,0.37
1.7616E+18,UNH,LONG,247697,104.5607,105.2806,104.1647,186,4.87,4,0.6819,0.15,2.55,2.04,0.38
1.7616E+18,DIS,SHORT,210422,382.0972,373.7124,384.9686,42,109.65,17,3.1824,-0.3,3.35,3.14,0.45
1.7616E+18,XOM,LONG,318037,95.5955,94.7067,94.9298,764,99.96,18,0.7766,-0.4,2.94,1.2,0.41
1.7616E+18,NIO,LONG,111520,391.3823,392.8992,389.629,74,35.71,14,1.4915,-0.38,1.32,0.96,0.18
1.7616E+18,SQ,LONG,397962,736.6363,,735.8443,61,94.71,5,0.5924,-0.58,1.87,2.31,0.63
1.7616E+18,META,LONG,71272,419.0107,,416.695,9,3.75,10,1.5264,-0.13,2.09,1.61,0.29
1.7616E+18,CSCO,LONG,233224,495.1173,486.6636,491.4101,49,116.02,20,2.5505,-0.37,1.99,2.33,0.06
1.7616E+18,SLV,SHORT,339793,129.5276,128.4752,130.1045,168,63.19,10,0.554,-0.11,2.67,1.87,0.55
1.7616E+18,AMAT,LONG,336818,39.7698,39.7431,39.5714,642,36.39,19,0.3554,0.52,3.23,0,0.32
1.7616E+18,DIS,LONG,154832,93.0923,,92.2902,262,43.51,19,0.469,,1.77,1.6,0.37
1.7616E+18,PLTR,LONG,162999,480.8326,486.8554,476.9158,36,7.97,20,3.0328,0.45,2.38,1.55,0.55
1.7616E+18,SQ,SHORT,358619,80.5343,79.7237,81.0146,796,118.72,17,0.4377,0.13,2.97,1.41,0.68
1.7616E+18,CMG,SHORT,71367,303.9143,299.913,306.8382,26,4.72,17,1.3089,-0.3,2.04,1.19,0.41
1.7616E+18,AAPL,SHORT,239027,442.3231,441.7213,443.3374,153,78.59,9,0.5088,-0.17,1.42,0.03,0.55
1.7616E+18,META,LONG,415804,,320.7514,,366,53.13,1,1.5205,-0.5,2.19,2,0.14
1.7616E+18,ORCL,SHORT,393894,135.1286,139.4405,137.4458,558,113.87,8,1.5552,-0.2,1.14,1.6,0.22
1.7616E+18,FDX,LONG,242750,222.6641,,222.2381,151,29.52,13,0.5591,0.21,3.36,2.18,0.21
1.7616E+18,TSM,LONG,245806,743.0124,743.3729,741.0857,47,63.85,18,1.0181,-0.51,1.19,0.07,0.67
1.7616E+18,SPOT,LONG,390298,542.4059,,538.0161,109,57.88,9,4.8126,-0.35,2.1,1.71,0.46
1.7616E+18,JNJ,LONG,193305,399.358,,395.7781,112,84.34,3,2.5895,-0.14,2.32,1.11,0.11
1.7616E+18,KO,SHORT,54738,15.1083,15.1967,15.1595,590,8.16,5,0.0812,0.58,3.46,1.42,0.95
1.7616E+18,FDX,SHORT,43397,,778.4767,807.1614,,23.25,13,,0.34,1.42,1.12,0.55
1.7616E+18,ASML,LONG,354333,538.8067,541.689,537.4548,187,25.75,3,1.798,0.28,1.29,1.73,0.39
1.7616E+18,NET,SHORT,348511,256.9534,252.7066,259.79,181,88.58,14,1.23,-0.46,1.02,1.17,0.37
1.7616E+18,TGT,SHORT,212332,704.0186,698.4479,714.8601,57,22.7,15,4.865,0.34,1.39,0.46,0.23
1.7616E+18,PANW,SHORT,392729,210.4531,206.5703,213.2264,137,68.82,6,1.9405,0.34,1.52,1.37,0.26
1.7616E+18,MRNA,SHORT,348763,437.4932,440.0925,439.8101,79,25.83,16,1.165,0.12,2.58,1.13,0.27
1.7616E+18,PANL,SHORT,121453,510.6763,503.3792,517.391,36,103.39,18,3.8615,0.59,1.55,1.23,0.52
1.7616E+18,LCID,SHORT,29816,180.7454,182.2366,182.9396,16,113.06,18,1.0418,-0.21,1.05,0,0.64
1.7616E+18,QQQ,SHORT,445456,782.8258,772.8253,788.5112,153,62.22,16,4.1694,0.53,3.07,1.85,0.68
1.7616E+18,EA,LONG,409492,599.8126,593.3392,593.6189,61,42.28,5,2.9898,0.5,1.91,1.05,0.53
1.7616E+18,PFE,LONG,255011,448.4615,,447.036,93,28.09,10,1.0004,-0.59,1.88,0.22,0.16
1.7616E+18,DIS,SHORT,351674,148.5727,142.6461,151.0237,476,5.97,15,1.029,-0.06,1.76,2.04,0.66
1.7616E+18,JNPR,LONG,426715,47.8173,48.312,47.5753,1989,32.22,7,0.1643,0.57,3.44,1.81,0.05
1.7616E+18,PANW,SHORT,491792,259.4476,258.2403,260.498,276,78.51,10,0.737,-0.48,1.43,1.04,0.2
1.7616E+18,MDB,LONG,381000,603.7839,,595.3207,168,64.03,6,4.0882,0.06,3.25,0.38,0.4
1.7616E+18,AAPL,LONG,223567,219.1184,224.1031,216.0293,195,113.28,,1.4414,0.57,2.94,1.44,0.27
1.7616E+18,AMD,LONG,81635,433.9472,439.2352,430.3458,30,47.55,9,2.2383,0.07,1.19,1.4,0.28
1.7616E+18,EEM,LONG,379947,583.718,591.3292,580.1258,43,83.26,8,4.1789,-0.37,3.47,2.04,0.46
1.7616E+18,CVX,SHORT,226184,90.8153,89.9255,91.839,413,58.72,3,0.7131,0.1,1.68,0.95,0.72
1.7616E+18,PEP,SHORT,308090,549.8119,,560.0135,142,61.51,14,4.1876,-0.35,1.25,2.26,0.16
1.7616E+18,MRNA,SHORT,327348,78.0374,78.3582,78.6546,854,32.13,12,0.3077,0.02,3.07,0.87,0.31
1.7616E+18,LCID,SHORT,192958,772.2781,768.4752,783.7974,64,54.59,1,5.4277,-0.51,2.77,0.22,0.44
1.7616E+18,PANL,LONG,474868,393.2733,393.7394,392.0669,209,56.49,1,2.1328,0.13,2.54,0.39,0.41
1.7616E+18,CRM,LONG,287707,124.7875,126.4842,123.2732,183,84.8,15,1.0547,0.02,1.39,1.25,0.47
1.7616E+18,FDX,SHORT,102324,277.195,,279.5574,19,112.88,8,1.3174,0.29,2.2,1.25,0.13
1.7616E+18,CRWD,LONG,233536,333.6661,328.3836,330.5763,87,39.52,12,1.4304,0.16,2.95,1.56,0.02
1.7616E+18,ETSY,LONG,242944,607.7571,606.3534,606.3848,89,5.06,2,2.2927,0.06,1.76,1.23,0.53
1.7616E+18,KO,LONG,281991,596.0219,,588.9537,117,59.56,8,3.2057,0.23,1.78,2.08,0.48
1.7616E+18,CSX,LONG,36155,491.4927,486.5766,486.8361,9,65.34,12,2.9162,-0.43,1.01,1.09,0.25
1.7616E+18,MSFT,SHORT,351815,89.2149,89.2709,89.6916,685,20.21,20,0.5328,0.11,1.44,0,0.55
1.7616E+18,PANW,SHORT,126891,125.4977,,126.309,156,91.26,1,0.7151,-0.39,3.19,1.2,0.56
1.7616E+18,CRM,LONG,355454,79.5368,79.4514,79.0002,682,118.19,7,0.5044,0.51,2.1,0,0.22
1.7616E+18,TM,SHORT,470494,463.8524,,467.152,109,113.49,8,2.1128,-0.52,3.46,1.52,0.41
1.7616E+18,LCID,SHORT,159381,702.3251,705.0135,703.7044,19,23.65,15,2.286,-0.08,1.99,2.15,0.59
1.7616E+18,NVDA,LONG,141691,349.8714,350.3396,348.9908,40,105.04,1,1.0777,0.23,2.79,0.51,0.1
1.7616E+18,GOOGL,SHORT,486410,132.8743,127.6091,134.8371,233,84.54,5,0.9235,-0.05,1.7,2.43,0.27
1.7616E+18,SNOW,SHORT,453324,448.6436,443.9531,450.683,100,54.46,7,2.6652,-0.49,1.91,1.97,0.16
1.7616E+18,BABA,LONG,44707,650.343,648.6233,649.5329,3,64.87,4,0.8379,0.06,1.48,2.27,0.4
1.7616E+18,SMCI,LONG,423553,594.6611,587.1717,588.6435,147,101.95,8,4.2777,0.17,1.87,1.45,0.2
1.7616E+18,EEM,LONG,353681,705.7534,,696.2672,64,57.62,0,6.183,0.24,2.37,0.51,0.32
1.7616E+18,PYPL,LONG,207576,225.9322,228.5731,224.2979,269,44.78,8,0.8062,-0.15,3.48,1.92,0.08
1.7616E+18,ATVI,LONG,188686,159.1933,159.6446,157.9339,116,59.19,9,0.903,0.08,2.66,0.8,0.8
1.7616E+18,UPS,SHORT,232500,704.4541,714.8955,710.3921,45,69.5,3,2.8552,-0.06,1.5,1.39,0.04
1.7616E+18,CRWD,LONG,363299,527.7604,534.5403,522.0258,95,22.69,2,3.302,0.21,1.11,1.16,0.71
1.7616E+18,HD,LONG,272425,252.1885,253.204,251.6999,56,108.11,9,0.6728,0.1,1.32,2.2,0.28
1.7616E+18,AVGO,SHORT,168492,595.1667,599.4122,597.5159,73,80.9,14,2.8908,0.03,2.41,1.88,0.29
1.7616E+18,F,SHORT,484112,653.0191,,659.2666,42,75.99,10,4.5467,-0.3,2.91,1.24,0.37
1.7616E+18,LYFT,LONG,180102,493.9077,494.4996,489.1334,103,11.94,13,3.6902,-0.6,3.35,0,0.34
1.7616E+18,PANL,LONG,404274,551.8679,,545.4494,199,72.5,5,3.2301,-0.39,1.04,0.79,0.18
1.7616E+18,FDX,LONG,227285,303.3316,298.9391,301.1534,137,14.52,11,1.311,-0.46,2.31,1.86,0.28
1.7616E+18,LRCX,SHORT,348404,433.2631,,434.2666,149,9.44,12,0.7863,-0.06,2.18,1.52,0.29
1.7616E+18,COIN,LONG,169476,421.7065,,420.4698,85,63.28,16,1.4696,0.13,2.64,0.1,0.32
1.7616E+18,LYFT,LONG,244554,679.198,680.0749,676.5673,52,48.33,15,2.7585,-0.34,2.4,0,0.32
1.7616E+18,ADBE,SHORT,170928,672.7714,,676.7751,53,70.66,2,2.425,0.53,2.72,1.46,0.22
1.7616E+18,SAP,LONG,150272,666.981,665.1932,662.3824,13,10.71,1,3.4143,-0.59,2.65,0.45,0.38
1.7616E+18,COIN,SHORT,336322,13.7701,13.8518,13.861,1551,51.72,10,0.0594,0.33,1.29,0.53,0.43
1.7616E+18,MCD,SHORT,306141,600.8887,596.3403,603.5905,83,20.97,8,3.2113,0.15,3,1.84,0.79
1.7616E+18,INTC,LONG,428827,608.1477,,,132,118.45,2,4.5035,-0.15,1.31,2.26,0.54
1.7616E+18,BYND,SHORT,129273,544.3112,538.842,549.3368,64,67.34,17,2.2791,-0.54,2.75,0.7,0.54
1.7616E+18,BABA,LONG,182307,606.2304,607.5494,604.8544,22,82.49,19,1.3545,0.15,2.04,1.26,0.29
1.7616E+18,DAX,SHORT,258500,674.3664,670.2361,677.9633,97,39.05,14,2.4254,-0.14,2.28,1.24,0.3
1.7616E+18,PANL,SHORT,176129,378.9036,373.8837,384.6312,,11.37,13,2.3368,0.52,3.26,1.17,0.18
1.7616E+18,SPOT,SHORT,142311,404.1299,400.2219,407.1261,52,117.1,1,2.5686,0.05,3.22,1.33,0.43
1.7616E+18,AMD,LONG,244746,104.1477,102.0728,103.1247,303,34.35,16,0.6053,0.53,3.04,1.91,0.43
1.7616E+18,QCOM,SHORT,255546,311.3738,,312.9842,123,50.86,7,2.3669,-0.34,2.28,0.76,0.45
1.7616E+18,NOW,SHORT,206733,516.4753,515.5067,520.5669,35,77.98,9,2.3899,0.27,2.84,0.08,0.13
1.7616E+18,AMAT,LONG,136945,625.4178,635.7685,621.5501,38,2.96,17,5.694,0.14,2.28,2.65,0.61
1.7616E+18,TXN,SHORT,55272,177.6812,171.0041,180.5331,77,,18,1.1792,0.29,3.17,2.17,0.53
1.7616E+18,TSLA,LONG,361537,114.5692,114.5911,114.4726,506,64.39,7,0.05,-0.34,2.01,0.42,0.42
1.7616E+18,CVX,LONG,333356,532.1184,,522.6153,108,33.39,7,4.5769,0.2,3.43,1.41,0.36
1.7616E+18,PANW,LONG,156470,6.4945,,6.3991,5000,7.39,2,0.05,0,3.33,2.11,0.14
1.7616E+18,ATVI,LONG,130030,146.8062,145.5319,146.0834,200,19.5,2,0.4304,0.29,2.85,1.9,0.74
1.7616E+18,VTI,LONG,328647,28.1117,27.7278,27.8737,2017,107.4,11,0.17,-0.21,1.7,1.67,0.69
1.7616E+18,TM,SHORT,409854,137.6737,,138.1388,340,82.32,16,0.2098,0.47,1.33,1.16,0.69
1.7616E+18,LCID,LONG,16570,149.1488,145.8099,147.8495,30,29.99,3,0.5383,-0.5,3.14,2.68,0.16
1.7616E+18,TM,SHORT,340929,313.2005,318.7513,317.0077,211,7.87,16,2.5414,0.37,1.41,1.48,0.61
1.7616E+18,CMG,LONG,19110,324.8501,320.2884,320.158,6,82.87,13,1.9856,0.43,3.14,0.89,0.61
1.7616E+18,DKNG,SHORT,89141,700.0387,,707.7677,14,68.69,18,4.6374,0.38,2.23,2,0.44
1.7616E+18,BP,SHORT,22115,410.5372,407.1368,412.9233,13,48.54,8,1.5133,0.02,2.02,1.38,0.69
1.7616E+18,PLTR,LONG,49062,580.1068,577.2493,578.5348,5,43.63,20,1.1157,-0.07,3.26,1.58,0.35
1.7616E+18,SQ,SHORT,295055,87.7892,88.6936,88.3064,1001,26.02,11,0.563,0.6,2.51,1.46,0.56
1.7616E+18,CMG,LONG,114061,184.2238,182.8935,183.5824,51,80.35,4,1.2639,-0.32,2.44,1.7,0.6
1.7616E+18,CMG,SHORT,304700,563.84,566.9307,567.5924,134,116.48,10,3.8172,0.06,2.4,0.52,0.44
1.7616E+18,AMZN,LONG,481347,46.9791,46.9641,46.5924,1523,21.09,19,0.2545,0.2,1.93,0.14,0.42
1.7616E+18,QQQ,SHORT,400479,391.8451,395.2598,393.3586,176,71.65,2,1.2013,0.24,2.96,2.45,0.5
1.7616E+18,LOW,LONG,11969,481.4983,471.5665,474.8556,6,50.9,20,4.7551,-0.36,1.63,1.5,0.33
1.7616E+18,SONY,SHORT,315897,483.7058,469.4744,490.801,100,53.6,14,2.8827,0.18,3.35,1.92,0.46
1.7616E+18,SONY,SHORT,486027,23.2316,23.2526,23.3614,3857,30.5,13,0.1081,0.38,3.23,0,0.45
1.7616E+18,QQQ,LONG,407686,261.0759,257.6709,259.3669,97,99.02,10,1.2169,-0.54,1.84,2.15,0.44
1.7616E+18,IWM,LONG,131863,511.0101,,508.9331,13,58.23,19,2.7079,0.49,2.82,0.88,0.25
1.7616E+18,ABNB,LONG,282369,123.4548,123.1866,122.9296,254,65.21,7,0.8814,-0.56,2.43,0.66,0.43
1.7616E+18,RIVN,LONG,133008,557.8554,565.4067,551.7013,52,36.57,3,3.0008,-0.17,1.84,1.25,0.46
